{
  "hash": "5a4c0b87",
  "configHash": "ff0b03dd",
  "lockfileHash": "b99ed8da",
  "browserHash": "72553e98",
  "optimized": {
    "@angular/common": {
      "src": "../../../../../../node_modules/@angular/common/fesm2022/common.mjs",
      "file": "@angular_common.js",
      "fileHash": "b9a9bda4",
      "needsInterop": false
    },
    "@angular/core": {
      "src": "../../../../../../node_modules/@angular/core/fesm2022/core.mjs",
      "file": "@angular_core.js",
      "fileHash": "044da9e7",
      "needsInterop": false
    },
    "@angular/platform-browser": {
      "src": "../../../../../../node_modules/@angular/platform-browser/fesm2022/platform-browser.mjs",
      "file": "@angular_platform-browser.js",
      "fileHash": "a2e196e6",
      "needsInterop": false
    },
    "@angular/platform-browser/animations/async": {
      "src": "../../../../../../node_modules/@angular/platform-browser/fesm2022/animations/async.mjs",
      "file": "@angular_platform-browser_animations_async.js",
      "fileHash": "506653a8",
      "needsInterop": false
    },
    "@angular/router": {
      "src": "../../../../../../node_modules/@angular/router/fesm2022/router.mjs",
      "file": "@angular_router.js",
      "fileHash": "41c5b8f0",
      "needsInterop": false
    },
    "rxjs/operators": {
      "src": "../../../../../../node_modules/rxjs/dist/esm5/operators/index.js",
      "file": "rxjs_operators.js",
      "fileHash": "8d9d2bb8",
      "needsInterop": false
    },
    "@angular/forms": {
      "src": "../../../../../../node_modules/@angular/forms/fesm2022/forms.mjs",
      "file": "@angular_forms.js",
      "fileHash": "c38f8402",
      "needsInterop": false
    },
    "@angular/material/button": {
      "src": "../../../../../../node_modules/@angular/material/fesm2022/button.mjs",
      "file": "@angular_material_button.js",
      "fileHash": "4bb79549",
      "needsInterop": false
    },
    "@angular/material/form-field": {
      "src": "../../../../../../node_modules/@angular/material/fesm2022/form-field.mjs",
      "file": "@angular_material_form-field.js",
      "fileHash": "3fb52745",
      "needsInterop": false
    },
    "@angular/material/icon": {
      "src": "../../../../../../node_modules/@angular/material/fesm2022/icon.mjs",
      "file": "@angular_material_icon.js",
      "fileHash": "f8bbb2ed",
      "needsInterop": false
    },
    "@angular/material/input": {
      "src": "../../../../../../node_modules/@angular/material/fesm2022/input.mjs",
      "file": "@angular_material_input.js",
      "fileHash": "d5ccd218",
      "needsInterop": false
    },
    "@angular/cdk/bidi": {
      "src": "../../../../../../node_modules/@angular/cdk/fesm2022/bidi.mjs",
      "file": "@angular_cdk_bidi.js",
      "fileHash": "e115cfd8",
      "needsInterop": false
    },
    "@angular/cdk/text-field": {
      "src": "../../../../../../node_modules/@angular/cdk/fesm2022/text-field.mjs",
      "file": "@angular_cdk_text-field.js",
      "fileHash": "40ee7f63",
      "needsInterop": false
    },
    "@angular/material/grid-list": {
      "src": "../../../../../../node_modules/@angular/material/fesm2022/grid-list.mjs",
      "file": "@angular_material_grid-list.js",
      "fileHash": "0619d31f",
      "needsInterop": false
    },
    "@angular/material/core": {
      "src": "../../../../../../node_modules/@angular/material/fesm2022/core.mjs",
      "file": "@angular_material_core.js",
      "fileHash": "dd6a6583",
      "needsInterop": false
    },
    "@angular/material/table": {
      "src": "../../../../../../node_modules/@angular/material/fesm2022/table.mjs",
      "file": "@angular_material_table.js",
      "fileHash": "a1c8ae6d",
      "needsInterop": false
    }
  },
  "chunks": {
    "browser-KYD7LSKT": {
      "file": "browser-KYD7LSKT.js"
    },
    "chunk-5JVU7K62": {
      "file": "chunk-5JVU7K62.js"
    },
    "chunk-2XKMRHFN": {
      "file": "chunk-2XKMRHFN.js"
    },
    "chunk-WVL53422": {
      "file": "chunk-WVL53422.js"
    },
    "chunk-X5SGRR7V": {
      "file": "chunk-X5SGRR7V.js"
    },
    "chunk-WK25HYSH": {
      "file": "chunk-WK25HYSH.js"
    },
    "chunk-7JO52J4J": {
      "file": "chunk-7JO52J4J.js"
    },
    "chunk-IUECJPDI": {
      "file": "chunk-IUECJPDI.js"
    },
    "chunk-HB3HQV7J": {
      "file": "chunk-HB3HQV7J.js"
    },
    "chunk-EMH7QX43": {
      "file": "chunk-EMH7QX43.js"
    },
    "chunk-SWHEBQQ5": {
      "file": "chunk-SWHEBQQ5.js"
    },
    "chunk-BALQ4YAT": {
      "file": "chunk-BALQ4YAT.js"
    }
  }
}